"author","created","downs","id","text","textHtml","title","ups"
"t2_6co0v",1670771442,0,"zivr18","Hey everyone,  


I am trying to track any changes to a classes properties, but my solution doesn't work along with kotlinx serialization, and I'm looking for ideas.  


Here is a minimum working example.  


    import kotlinx.serialization.*
    import kotlinx.serialization.json.Json
    import kotlin.properties.Delegates
    
    
    fun main() {
        val dummy = DummyObject("hello!")
    
        dummy.prop = "Hey!"
    
        println(dummy.changedFields)
        println(Json.encodeToString(dummy))
    
        dummy.prop = "Bye!"
    
        println(dummy.changedFields)
        println(Json.encodeToString(dummy))
    
    }
    
    
    @Serializable
    class DummyObject(
        @SerialName("prop")
        private var prop1: String
        ){
    
        var prop by Delegates.observable(prop1){property, oldValue, newValue -&gt;
            if (oldValue != newValue){
                changedFields[property.name] = newValue
            }
        }
    
        @Transient
        var changedFields = mutableMapOf&lt;String, String&gt;()
    
    }

  
The output is as follows  


    {prop=Hey!}
    
    {"prop":"hello!"}
    
    {prop=Bye!}
    
    {"prop":"hello!"}


  


Changes to `prop`  are tracked correctly, however the value that is serialized is only ever the initial value of the constructor(i.e prop1).  


Is there a way to do  it such that any changes are reflected in the Map and in the Json output?

&amp;#x200B;

To be clear, `prop` and `prop1` are being used here as that was the onl way I could see thatmight work with Obseravables, but these are the same property, someones first name for example.

&amp;#x200B;

Thanks","&lt;!-- SC_OFF --&gt;&lt;div class="md"&gt;&lt;p&gt;Hey everyone,  &lt;/p&gt;

&lt;p&gt;I am trying to track any changes to a classes properties, but my solution doesn&amp;#39;t work along with kotlinx serialization, and I&amp;#39;m looking for ideas.  &lt;/p&gt;

&lt;p&gt;Here is a minimum working example.  &lt;/p&gt;

&lt;pre&gt;&lt;code&gt;import kotlinx.serialization.*
import kotlinx.serialization.json.Json
import kotlin.properties.Delegates


fun main() {
    val dummy = DummyObject(&amp;quot;hello!&amp;quot;)

    dummy.prop = &amp;quot;Hey!&amp;quot;

    println(dummy.changedFields)
    println(Json.encodeToString(dummy))

    dummy.prop = &amp;quot;Bye!&amp;quot;

    println(dummy.changedFields)
    println(Json.encodeToString(dummy))

}


@Serializable
class DummyObject(
    @SerialName(&amp;quot;prop&amp;quot;)
    private var prop1: String
    ){

    var prop by Delegates.observable(prop1){property, oldValue, newValue -&amp;gt;
        if (oldValue != newValue){
            changedFields[property.name] = newValue
        }
    }

    @Transient
    var changedFields = mutableMapOf&amp;lt;String, String&amp;gt;()

}
&lt;/code&gt;&lt;/pre&gt;

&lt;p&gt;The output is as follows  &lt;/p&gt;

&lt;pre&gt;&lt;code&gt;{prop=Hey!}

{&amp;quot;prop&amp;quot;:&amp;quot;hello!&amp;quot;}

{prop=Bye!}

{&amp;quot;prop&amp;quot;:&amp;quot;hello!&amp;quot;}
&lt;/code&gt;&lt;/pre&gt;

&lt;p&gt;Changes to &lt;code&gt;prop&lt;/code&gt;  are tracked correctly, however the value that is serialized is only ever the initial value of the constructor(i.e prop1).  &lt;/p&gt;

&lt;p&gt;Is there a way to do  it such that any changes are reflected in the Map and in the Json output?&lt;/p&gt;

&lt;p&gt;&amp;#x200B;&lt;/p&gt;

&lt;p&gt;To be clear, &lt;code&gt;prop&lt;/code&gt; and &lt;code&gt;prop1&lt;/code&gt; are being used here as that was the onl way I could see thatmight work with Obseravables, but these are the same property, someones first name for example.&lt;/p&gt;

&lt;p&gt;&amp;#x200B;&lt;/p&gt;

&lt;p&gt;Thanks&lt;/p&gt;
&lt;/div&gt;&lt;!-- SC_ON --&gt;","Tracking changes to class properties and Kotlinx serialization issues",4
"t2_qq0xl5fs",1670775036,0,"zixv85","This just occurred to me last night as I was trying to get to sleep - and kept me awake for ages wondering....

How does the kotlin compiler unambiguously parse an expression which contains generic arguments - how can it tell when a '&lt;' is a delimiter for a generic arguments and when is is a less than?

Think of

    somefunc( andrew&lt;bill, charlie&gt;(david) )

and

    somefunc( mapOf&lt;Cat,Dog&gt;(somePair) )

Both have the same form at the parsing stage before any type information is available.

      somefunc( identifier&lt;identifier,identifier&gt;(identifier) ).

How does the compiler resolve this ambiguity?

&amp;#x200B;

&amp;#x200B;

EDIT:

&amp;#x200B;

I just tried doing some experiments - and the compiler does actually get confused!! Although its a pretty contrived example that I don't think would come up too often in the real world. :-)

It looks like what is happening is the compiler first attempts to interpret '&lt;' as a generic and if it can reach a '&gt;' without hitting a syntax error then accepts that parse, otherwise backtracks and tries interpreting the '&lt;' as a less than.

So this gives some circumstances where a less than is syntactically correct but a greater than isn't (and vice versa)!

    private fun testFunc(a:Boolean, b:Boolean) : Boolean {
         return a &amp;&amp; b 
    }
    
    private fun example() {
          val a = 2
          val b = 4
          val c = 6
          val d = 8
          val e = testFunc( a&lt;b, c&gt;d)     // gives a syntax error!!!
          val f = testFunc( a&lt;b, c&lt;d)     // compiles OK
          val g = testFunc( a&lt;b, 6&lt;d)     // compiles OK
          val h = testFunc( (a&lt;b), c&gt;d)   // compiles OK    
    }","&lt;!-- SC_OFF --&gt;&lt;div class="md"&gt;&lt;p&gt;This just occurred to me last night as I was trying to get to sleep - and kept me awake for ages wondering....&lt;/p&gt;

&lt;p&gt;How does the kotlin compiler unambiguously parse an expression which contains generic arguments - how can it tell when a &amp;#39;&amp;lt;&amp;#39; is a delimiter for a generic arguments and when is is a less than?&lt;/p&gt;

&lt;p&gt;Think of&lt;/p&gt;

&lt;pre&gt;&lt;code&gt;somefunc( andrew&amp;lt;bill, charlie&amp;gt;(david) )
&lt;/code&gt;&lt;/pre&gt;

&lt;p&gt;and&lt;/p&gt;

&lt;pre&gt;&lt;code&gt;somefunc( mapOf&amp;lt;Cat,Dog&amp;gt;(somePair) )
&lt;/code&gt;&lt;/pre&gt;

&lt;p&gt;Both have the same form at the parsing stage before any type information is available.&lt;/p&gt;

&lt;pre&gt;&lt;code&gt;  somefunc( identifier&amp;lt;identifier,identifier&amp;gt;(identifier) ).
&lt;/code&gt;&lt;/pre&gt;

&lt;p&gt;How does the compiler resolve this ambiguity?&lt;/p&gt;

&lt;p&gt;&amp;#x200B;&lt;/p&gt;

&lt;p&gt;&amp;#x200B;&lt;/p&gt;

&lt;p&gt;EDIT:&lt;/p&gt;

&lt;p&gt;&amp;#x200B;&lt;/p&gt;

&lt;p&gt;I just tried doing some experiments - and the compiler does actually get confused!! Although its a pretty contrived example that I don&amp;#39;t think would come up too often in the real world. :-)&lt;/p&gt;

&lt;p&gt;It looks like what is happening is the compiler first attempts to interpret &amp;#39;&amp;lt;&amp;#39; as a generic and if it can reach a &amp;#39;&amp;gt;&amp;#39; without hitting a syntax error then accepts that parse, otherwise backtracks and tries interpreting the &amp;#39;&amp;lt;&amp;#39; as a less than.&lt;/p&gt;

&lt;p&gt;So this gives some circumstances where a less than is syntactically correct but a greater than isn&amp;#39;t (and vice versa)!&lt;/p&gt;

&lt;pre&gt;&lt;code&gt;private fun testFunc(a:Boolean, b:Boolean) : Boolean {
     return a &amp;amp;&amp;amp; b 
}

private fun example() {
      val a = 2
      val b = 4
      val c = 6
      val d = 8
      val e = testFunc( a&amp;lt;b, c&amp;gt;d)     // gives a syntax error!!!
      val f = testFunc( a&amp;lt;b, c&amp;lt;d)     // compiles OK
      val g = testFunc( a&amp;lt;b, 6&amp;lt;d)     // compiles OK
      val h = testFunc( (a&amp;lt;b), c&amp;gt;d)   // compiles OK    
}
&lt;/code&gt;&lt;/pre&gt;
&lt;/div&gt;&lt;!-- SC_ON --&gt;","How does the kotlin compiler parse expressions with generics?",2
"t2_75zx",1670729065,0,"zid3tq","","","Kweb 1.3.1 released, with DSL additions for HTML viewport",8
"t2_5dy3pmi2",1670722551,0,"zia1rh","I want to build a multiplatform app with Kotlin (web, Android and iOs), is there a way to do it?

&amp;#x200B;

Any help would be appreciated","&lt;!-- SC_OFF --&gt;&lt;div class="md"&gt;&lt;p&gt;I want to build a multiplatform app with Kotlin (web, Android and iOs), is there a way to do it?&lt;/p&gt;

&lt;p&gt;&amp;#x200B;&lt;/p&gt;

&lt;p&gt;Any help would be appreciated&lt;/p&gt;
&lt;/div&gt;&lt;!-- SC_ON --&gt;","Is there a way to make a multiplatform app with Kotlin only?",2
"t2_uw876ic7",1670707363,0,"zi3yzn","Does anyone happen to know how I can add a repeat loop to this function? The user must enter a number between 1 and 8. Unfortunately, this try catch only works once. Many Thanks for your help.

    fun showCard(playhand1: MutableList&lt;tanks&gt;, tanks: MutableList&lt;Tanks&gt;){
    
        try {
            var myCards = playhand1[readln().toInt() - 1]
    
            player1value.add(0, myCard.speed)
            player1value.add(1, myCard.force)
            player1value.add(2, myCard.atack)
            when (myCard) {
                is Abrams -&gt; player2value.add(3, myCard.rockets.toDouble())
                is Tiger -&gt; player2value.add(3, myCard.rockets2)
                is BMP -&gt; player2value.add(3, myCard.arockets3.toDouble())
            }
            println("You have chosen the following card:")
            println("Tank: ${myCard.name}")
            }
    
        } catch (e: Exception) {
            println("You are not allowed to type any letters or other characters. Please only one number from 1 to 8! ")
            
            var myCards = playhand1[readln().toInt() - 1]
    
            player1value.add(0, myCard.speed)
            player1value.add(1, myCard.force)
            player1value.add(2, myCard.atack)
            when (myCard) {
                is Abrams -&gt; player2value.add(3, myCard.rockets.toDouble())
                is Tiger -&gt; player2value.add(3, myCard.rockets2)
                is BMP -&gt; player2value.add(3, myCard.arockets3.toDouble())
            }
            println("You have chosen the following card:")
            println("Tank: ${myCard.name}")
            }
            }","&lt;!-- SC_OFF --&gt;&lt;div class="md"&gt;&lt;p&gt;Does anyone happen to know how I can add a repeat loop to this function? The user must enter a number between 1 and 8. Unfortunately, this try catch only works once. Many Thanks for your help.&lt;/p&gt;

&lt;pre&gt;&lt;code&gt;fun showCard(playhand1: MutableList&amp;lt;tanks&amp;gt;, tanks: MutableList&amp;lt;Tanks&amp;gt;){

    try {
        var myCards = playhand1[readln().toInt() - 1]

        player1value.add(0, myCard.speed)
        player1value.add(1, myCard.force)
        player1value.add(2, myCard.atack)
        when (myCard) {
            is Abrams -&amp;gt; player2value.add(3, myCard.rockets.toDouble())
            is Tiger -&amp;gt; player2value.add(3, myCard.rockets2)
            is BMP -&amp;gt; player2value.add(3, myCard.arockets3.toDouble())
        }
        println(&amp;quot;You have chosen the following card:&amp;quot;)
        println(&amp;quot;Tank: ${myCard.name}&amp;quot;)
        }

    } catch (e: Exception) {
        println(&amp;quot;You are not allowed to type any letters or other characters. Please only one number from 1 to 8! &amp;quot;)

        var myCards = playhand1[readln().toInt() - 1]

        player1value.add(0, myCard.speed)
        player1value.add(1, myCard.force)
        player1value.add(2, myCard.atack)
        when (myCard) {
            is Abrams -&amp;gt; player2value.add(3, myCard.rockets.toDouble())
            is Tiger -&amp;gt; player2value.add(3, myCard.rockets2)
            is BMP -&amp;gt; player2value.add(3, myCard.arockets3.toDouble())
        }
        println(&amp;quot;You have chosen the following card:&amp;quot;)
        println(&amp;quot;Tank: ${myCard.name}&amp;quot;)
        }
        }
&lt;/code&gt;&lt;/pre&gt;
&lt;/div&gt;&lt;!-- SC_ON --&gt;","try catch in loop",3
"t2_36r5n",1670726787,0,"zic3cp","I have some app ideas, but not very good in coding. I have the market, and other services tied up with it. is there any way i can find programmers to tie up for the apps? for profit sharing?

&amp;#x200B;

let me know, thanks! !

&amp;#x200B;

edit:

I do acknowledge apprehensions of programmers. My plans are solid backed up by already existing systems. Building an app would ensure smoother operations of the existing systems and hence, i would be  able to share part revenue with the person who does programming. 

The only thing is, I prefer working on revenue share, and also i don't have funds to pay upfront right now. I definitely am also open to pay some part money initially and more later. depending again on project to project. 

most of my projects are related to education and psychology. 

&amp;#x200B;

thanks! ","&lt;!-- SC_OFF --&gt;&lt;div class="md"&gt;&lt;p&gt;I have some app ideas, but not very good in coding. I have the market, and other services tied up with it. is there any way i can find programmers to tie up for the apps? for profit sharing?&lt;/p&gt;

&lt;p&gt;&amp;#x200B;&lt;/p&gt;

&lt;p&gt;let me know, thanks! !&lt;/p&gt;

&lt;p&gt;&amp;#x200B;&lt;/p&gt;

&lt;p&gt;edit:&lt;/p&gt;

&lt;p&gt;I do acknowledge apprehensions of programmers. My plans are solid backed up by already existing systems. Building an app would ensure smoother operations of the existing systems and hence, i would be  able to share part revenue with the person who does programming. &lt;/p&gt;

&lt;p&gt;The only thing is, I prefer working on revenue share, and also i don&amp;#39;t have funds to pay upfront right now. I definitely am also open to pay some part money initially and more later. depending again on project to project. &lt;/p&gt;

&lt;p&gt;most of my projects are related to education and psychology. &lt;/p&gt;

&lt;p&gt;&amp;#x200B;&lt;/p&gt;

&lt;p&gt;thanks! &lt;/p&gt;
&lt;/div&gt;&lt;!-- SC_ON --&gt;","how to find programmers for collaboration?",0
"t2_qyus3xe",1670658077,0,"zhm9ac","Hi All, I'm going through [Koan's Lazy Property example](https://play.kotlinlang.org/koans/Properties/Lazy%20property/Task.kt).

The question is

    Add a custom getter to make the val lazy really lazy. It should be initialized by invoking initializer() during the first access.
    You can add any additional properties as you need.
    Do not use delegated properties!

The answer is

    class LazyProperty(val initializer: () -&gt; Int) {
        var value: Int? = null
        val lazy: Int
            get() {
                if (value == null) {
                    value = initializer()
                }
                return value!!
            }
    }

I can also do it with

    class LazyProperty(val initializer: () -&gt; Int) {
        val lazy by lazy {
            initializer()
        }
    }

I'm not sure the intent of this tutorial introducing \`lazy\` by not using \`by lazy\`. Is it the intent of the tutorial to show us \`get()\` ?","&lt;!-- SC_OFF --&gt;&lt;div class="md"&gt;&lt;p&gt;Hi All, I&amp;#39;m going through &lt;a href="https://play.kotlinlang.org/koans/Properties/Lazy%20property/Task.kt"&gt;Koan&amp;#39;s Lazy Property example&lt;/a&gt;.&lt;/p&gt;

&lt;p&gt;The question is&lt;/p&gt;

&lt;pre&gt;&lt;code&gt;Add a custom getter to make the val lazy really lazy. It should be initialized by invoking initializer() during the first access.
You can add any additional properties as you need.
Do not use delegated properties!
&lt;/code&gt;&lt;/pre&gt;

&lt;p&gt;The answer is&lt;/p&gt;

&lt;pre&gt;&lt;code&gt;class LazyProperty(val initializer: () -&amp;gt; Int) {
    var value: Int? = null
    val lazy: Int
        get() {
            if (value == null) {
                value = initializer()
            }
            return value!!
        }
}
&lt;/code&gt;&lt;/pre&gt;

&lt;p&gt;I can also do it with&lt;/p&gt;

&lt;pre&gt;&lt;code&gt;class LazyProperty(val initializer: () -&amp;gt; Int) {
    val lazy by lazy {
        initializer()
    }
}
&lt;/code&gt;&lt;/pre&gt;

&lt;p&gt;I&amp;#39;m not sure the intent of this tutorial introducing `lazy` by not using `by lazy`. Is it the intent of the tutorial to show us `get()` ?&lt;/p&gt;
&lt;/div&gt;&lt;!-- SC_ON --&gt;","Why is the Koan Lazy Property example didn't teach us to use "by lazy"?",4
"t2_35unu",1670632490,0,"zhdwsu","","","3 Interesting Kotlin Feature Requests",7
"t2_1uvj",1670606161,0,"zh2tpx","","","Threads vs Coroutines - ParallelMap Performance",15
"t2_a3gboc9m",1670678547,0,"zhsgj2","Why is the output of the code below not `1 2 3 4 5 6 7 8 9`  but rather it's  `1 2 3 4 5 6 7 8 9 10`

I'm expecting the last value to be 9, why is it 10 when i &lt; 10?

    fun main(){
        var i = 0
        while (i &lt; 10) {
            i++
            println(i)
        }
    }","&lt;!-- SC_OFF --&gt;&lt;div class="md"&gt;&lt;p&gt;Why is the output of the code below not &lt;code&gt;1 2 3 4 5 6 7 8 9&lt;/code&gt;  but rather it&amp;#39;s  &lt;code&gt;1 2 3 4 5 6 7 8 9 10&lt;/code&gt;&lt;/p&gt;

&lt;p&gt;I&amp;#39;m expecting the last value to be 9, why is it 10 when i &amp;lt; 10?&lt;/p&gt;

&lt;pre&gt;&lt;code&gt;fun main(){
    var i = 0
    while (i &amp;lt; 10) {
        i++
        println(i)
    }
}
&lt;/code&gt;&lt;/pre&gt;
&lt;/div&gt;&lt;!-- SC_ON --&gt;","How does the code below really work. I'm sorry if I'm spamming you with all these beginner questions!",0
"t2_axgm29v",1670578736,0,"zgsmsk","I wonder how the community sees adding [Arrow](https://arrow-kt.io/) besides standard Kotlin language features. Is it something that's still considered useful or just redundant and causing more confusion?","&lt;!-- SC_OFF --&gt;&lt;div class="md"&gt;&lt;p&gt;I wonder how the community sees adding &lt;a href="https://arrow-kt.io/"&gt;Arrow&lt;/a&gt; besides standard Kotlin language features. Is it something that&amp;#39;s still considered useful or just redundant and causing more confusion?&lt;/p&gt;
&lt;/div&gt;&lt;!-- SC_ON --&gt;","What's the benefit of using Arrow with Kotlin?",39
"t2_5cpg542w",1670584612,0,"zgujhh","Hi ya! I Iâ€™m happy to share with you our Kotlin DSL for the Pi4J lib. Please tell us your thoughts!","&lt;!-- SC_OFF --&gt;&lt;div class="md"&gt;&lt;p&gt;Hi ya! I Iâ€™m happy to share with you our Kotlin DSL for the Pi4J lib. Please tell us your thoughts!&lt;/p&gt;
&lt;/div&gt;&lt;!-- SC_ON --&gt;","Kotlin on RaspberryPi",14
"t2_a3gboc9m",1670677386,0,"zhs1uz","How does the code below work. I'm expecting the output to be something like `6 4 2`, but then the output is `6 5 4 3`

    var i = 5
    
    do {
        i++
        print("$i ")
        i -= 2
    } while (i &gt; 1)","&lt;!-- SC_OFF --&gt;&lt;div class="md"&gt;&lt;p&gt;How does the code below work. I&amp;#39;m expecting the output to be something like &lt;code&gt;6 4 2&lt;/code&gt;, but then the output is &lt;code&gt;6 5 4 3&lt;/code&gt;&lt;/p&gt;

&lt;pre&gt;&lt;code&gt;var i = 5

do {
    i++
    print(&amp;quot;$i &amp;quot;)
    i -= 2
} while (i &amp;gt; 1)
&lt;/code&gt;&lt;/pre&gt;
&lt;/div&gt;&lt;!-- SC_ON --&gt;","How does the code below work?",0
"t2_650f284p",1670572560,0,"zgqqgh","The world seems very divided between lots of Kotlin Jobs and none.

You can see all the maps including close up views of USA and Europe here:

[https://workhunty.com/job-blog/where-is-the-best-place-to-be-a-programmer/Kotlin/](https://workhunty.com/job-blog/where-is-the-best-place-to-be-a-programmer/Kotlin/)

&amp;#x200B;

https://preview.redd.it/t8zu4e95wt4a1.png?width=1024&amp;format=png&amp;auto=webp&amp;s=e8f5ec834bff022bb9fd027b7d892a1696d5958d","&lt;!-- SC_OFF --&gt;&lt;div class="md"&gt;&lt;p&gt;The world seems very divided between lots of Kotlin Jobs and none.&lt;/p&gt;

&lt;p&gt;You can see all the maps including close up views of USA and Europe here:&lt;/p&gt;

&lt;p&gt;&lt;a href="https://workhunty.com/job-blog/where-is-the-best-place-to-be-a-programmer/Kotlin/"&gt;https://workhunty.com/job-blog/where-is-the-best-place-to-be-a-programmer/Kotlin/&lt;/a&gt;&lt;/p&gt;

&lt;p&gt;&amp;#x200B;&lt;/p&gt;

&lt;p&gt;&lt;a href="https://preview.redd.it/t8zu4e95wt4a1.png?width=1024&amp;amp;format=png&amp;amp;auto=webp&amp;amp;s=e8f5ec834bff022bb9fd027b7d892a1696d5958d"&gt;https://preview.redd.it/t8zu4e95wt4a1.png?width=1024&amp;amp;format=png&amp;amp;auto=webp&amp;amp;s=e8f5ec834bff022bb9fd027b7d892a1696d5958d&lt;/a&gt;&lt;/p&gt;
&lt;/div&gt;&lt;!-- SC_ON --&gt;","Maps of Jobs for Kotlin developers",12
"t2_3aoqtezu",1670599007,0,"zgzwtk","Okay so I have a really good idea for a new function to be added to Kotlin's stdlib. Where should I ask about it. Found Kotlin [repo](https://github.com/JetBrains/kotlin) but it has issues disabled and I dont want to send a PR directly...","&lt;!-- SC_OFF --&gt;&lt;div class="md"&gt;&lt;p&gt;Okay so I have a really good idea for a new function to be added to Kotlin&amp;#39;s stdlib. Where should I ask about it. Found Kotlin &lt;a href="https://github.com/JetBrains/kotlin"&gt;repo&lt;/a&gt; but it has issues disabled and I dont want to send a PR directly...&lt;/p&gt;
&lt;/div&gt;&lt;!-- SC_ON --&gt;","where should I suggest a new function to be added for Kotlin?",0
"t2_obpis",1670496495,0,"zfvl1r","","","Ktor 2.2.1 (and 2.2.0) released",47
"t2_68esu",1670522987,0,"zg6huw","Is it possible to produce a `.klib` such as described here:

https://kotlinlang.org/docs/native-libraries.html

And then consume the `.klib` in a Kotlin/Native Apple framework such as described here:

https://kotlinlang.org/docs/apple-framework.html

Preferably using Gradle.

If yes. How?

Thanks.","&lt;!-- SC_OFF --&gt;&lt;div class="md"&gt;&lt;p&gt;Is it possible to produce a &lt;code&gt;.klib&lt;/code&gt; such as described here:&lt;/p&gt;

&lt;p&gt;&lt;a href="https://kotlinlang.org/docs/native-libraries.html"&gt;https://kotlinlang.org/docs/native-libraries.html&lt;/a&gt;&lt;/p&gt;

&lt;p&gt;And then consume the &lt;code&gt;.klib&lt;/code&gt; in a Kotlin/Native Apple framework such as described here:&lt;/p&gt;

&lt;p&gt;&lt;a href="https://kotlinlang.org/docs/apple-framework.html"&gt;https://kotlinlang.org/docs/apple-framework.html&lt;/a&gt;&lt;/p&gt;

&lt;p&gt;Preferably using Gradle.&lt;/p&gt;

&lt;p&gt;If yes. How?&lt;/p&gt;

&lt;p&gt;Thanks.&lt;/p&gt;
&lt;/div&gt;&lt;!-- SC_ON --&gt;","Is it possible to consume Kotlin/Native (.klib) in a Kotlin/Native Apple framework?",6
"t2_8kopwmci",1670533232,0,"zgbgkq","Hello, How do I write Unit Test for Interface class. My sonarqube shows that the lines of the interfaces are not covered and this decreases the overall code coverage of the project.

How can I write test for the interface, or can I only write test for its implementation?","&lt;!-- SC_OFF --&gt;&lt;div class="md"&gt;&lt;p&gt;Hello, How do I write Unit Test for Interface class. My sonarqube shows that the lines of the interfaces are not covered and this decreases the overall code coverage of the project.&lt;/p&gt;

&lt;p&gt;How can I write test for the interface, or can I only write test for its implementation?&lt;/p&gt;
&lt;/div&gt;&lt;!-- SC_ON --&gt;","Writing Unit Test for interface",0
"t2_6q3jzsx1",1670499537,0,"zfwhir","","","What distinguishes a mid-level developer from a senior one, and how do you make the leap? ðŸ¤” Find out in the latest episode of Talking Kotlin! ðŸŽ¥ Our guest is Marcin Moskala â€“ an experienced developer, trainer, speaker, and author of books on Kotlin. ðŸ¤©",4
"t2_cwxsu1wt",1670470449,0,"zfnoiu","A few months ago, I completed an ORM and cache manager called Jimmer for Java and Kotlin. After frequent interactions with more than a hundred first users in a private chat room, I made many improvements, including more features. and a better development experience.

When all user feedback has been implemented, a familiar and easy-to-understand document homepage is provided according to user suggestions

&amp;#x200B;

[https://babyfish-ct.github.io/jimmer/docs/preface](https://babyfish-ct.github.io/jimmer/docs/preface)

&amp;#x200B;

This page contains many pictures, animations and videos, very lively.

*(Why was there no easy-to-understand introduction before? Jimmer was born to solve complex problems, and an easy-to-understand introduction to it requires a groping process.)*

&amp;#x200B;

This page not only vividly introduces the current situation of Jimmer, but also introduces the future evolution direction, which will eventually surpass ORM and become a systematic solution.","&lt;!-- SC_OFF --&gt;&lt;div class="md"&gt;&lt;p&gt;A few months ago, I completed an ORM and cache manager called Jimmer for Java and Kotlin. After frequent interactions with more than a hundred first users in a private chat room, I made many improvements, including more features. and a better development experience.&lt;/p&gt;

&lt;p&gt;When all user feedback has been implemented, a familiar and easy-to-understand document homepage is provided according to user suggestions&lt;/p&gt;

&lt;p&gt;&amp;#x200B;&lt;/p&gt;

&lt;p&gt;&lt;a href="https://babyfish-ct.github.io/jimmer/docs/preface"&gt;https://babyfish-ct.github.io/jimmer/docs/preface&lt;/a&gt;&lt;/p&gt;

&lt;p&gt;&amp;#x200B;&lt;/p&gt;

&lt;p&gt;This page contains many pictures, animations and videos, very lively.&lt;/p&gt;

&lt;p&gt;&lt;em&gt;(Why was there no easy-to-understand introduction before? Jimmer was born to solve complex problems, and an easy-to-understand introduction to it requires a groping process.)&lt;/em&gt;&lt;/p&gt;

&lt;p&gt;&amp;#x200B;&lt;/p&gt;

&lt;p&gt;This page not only vividly introduces the current situation of Jimmer, but also introduces the future evolution direction, which will eventually surpass ORM and become a systematic solution.&lt;/p&gt;
&lt;/div&gt;&lt;!-- SC_ON --&gt;","The latest state of my framework after interacting with the first users.",9
"t2_h9q5l1d1",1670452392,0,"zfgd16","For those devs that have had experience using both Flutter and Kotlin to make mobile apps

I currently have been interning with a company using Flutter and have been offered a part time job in the new year (here in Germany), in the summer though I'll be heading back to the US. I had wanted to apply for internships in the where they use native Android since I'd like to learn a native language as well.

My question is would this be possible with no Kotlin experience, even though I have mobile app experience, is there a large learning curve when trying to transition? and would it be realistic that I would get an internship with only knowing Flutter/Dart and just learn Kotlin as I go, since I have some background with developing mobile apps?","&lt;!-- SC_OFF --&gt;&lt;div class="md"&gt;&lt;p&gt;For those devs that have had experience using both Flutter and Kotlin to make mobile apps&lt;/p&gt;

&lt;p&gt;I currently have been interning with a company using Flutter and have been offered a part time job in the new year (here in Germany), in the summer though I&amp;#39;ll be heading back to the US. I had wanted to apply for internships in the where they use native Android since I&amp;#39;d like to learn a native language as well.&lt;/p&gt;

&lt;p&gt;My question is would this be possible with no Kotlin experience, even though I have mobile app experience, is there a large learning curve when trying to transition? and would it be realistic that I would get an internship with only knowing Flutter/Dart and just learn Kotlin as I go, since I have some background with developing mobile apps?&lt;/p&gt;
&lt;/div&gt;&lt;!-- SC_ON --&gt;","Shifting from Flutter to Kotlin",14
"t2_4le7s1td",1670439993,0,"zfabzi","","","What Kotlin Code ChatGPT (AI) can write? I experimented, and the result is suitable for fundamental questions like writing a map function in Kotlin, Implementing an ArrayList Data structure in Kotlin, Creating Observer Design Pattern in Kotlin, and more.",5
"t2_11zopg",1670398195,0,"zev2ev","So here is what I am trying to do:

    class StringResourceWithArgs(
        @StringRes val resId: Int,
        vararg val args: String
    )

I want vararg to be of type **Int**, **Long**, and **Float** as well but multiple vararg function parameters are not allowed. Using **Any** type is out of the question because I want to **parcelize** this class and **Any** would require writing my own parceler. However, if I strictly define all the types vararg can take, then I can parcelize this class just by annotating it with **@ Parcelize** and having it extend the **Parcelable** class.

In my head, I am thinking of defining a type that inherits from Int, Long, Float, and String but I can't figure out the syntax for it","&lt;!-- SC_OFF --&gt;&lt;div class="md"&gt;&lt;p&gt;So here is what I am trying to do:&lt;/p&gt;

&lt;pre&gt;&lt;code&gt;class StringResourceWithArgs(
    @StringRes val resId: Int,
    vararg val args: String
)
&lt;/code&gt;&lt;/pre&gt;

&lt;p&gt;I want vararg to be of type &lt;strong&gt;Int&lt;/strong&gt;, &lt;strong&gt;Long&lt;/strong&gt;, and &lt;strong&gt;Float&lt;/strong&gt; as well but multiple vararg function parameters are not allowed. Using &lt;strong&gt;Any&lt;/strong&gt; type is out of the question because I want to &lt;strong&gt;parcelize&lt;/strong&gt; this class and &lt;strong&gt;Any&lt;/strong&gt; would require writing my own parceler. However, if I strictly define all the types vararg can take, then I can parcelize this class just by annotating it with &lt;strong&gt;@ Parcelize&lt;/strong&gt; and having it extend the &lt;strong&gt;Parcelable&lt;/strong&gt; class.&lt;/p&gt;

&lt;p&gt;In my head, I am thinking of defining a type that inherits from Int, Long, Float, and String but I can&amp;#39;t figure out the syntax for it&lt;/p&gt;
&lt;/div&gt;&lt;!-- SC_ON --&gt;","Is there a way to define my own type? A type A that inherits from Int, Long, Float, and String?",15
"t2_bcpqrkki",1670404951,0,"zewq9i","Running `nm -m shared | grep UIWebView` on a freshly compiled iOS Framework from a freshly made KMM project generates the follow output:

    000000000007e760 (__DATA,__objc_const) non-external __OBJC_$_PROTOCOL_INSTANCE_METHODS_OPT_UIWebViewDelegate
    000000000007e7c8 (__DATA,__objc_const) non-external __OBJC_$_PROTOCOL_METHOD_TYPES_UIWebViewDelegate
    000000000007e748 (__DATA,__objc_const) non-external __OBJC_$_PROTOCOL_REFS_UIWebViewDelegate
    0000000000071f78 (__DATA,__objc_protolist) non-external (was a private external) __OBJC_LABEL_PROTOCOL_$_UIWebViewDelegate
    0000000000084668 (__DATA,__data) non-external (was a private external) __OBJC_PROTOCOL_$_UIWebViewDelegate
    000000000007f8e0 (__DATA,__objc_protorefs) non-external (was a private external) __OBJC_PROTOCOL_REFERENCE_$_UIWebViewDelegate

I've been looking around the internet for specific answers, but I can't find any reference at all. I've asked slack, and everyone doesn't seem to know either. 

I did see that the framework is safe from the **ITMS-90809** rejection, but I still need a specific reason why the UIWebViewDelegate is being included in the binaries. I can't just make random speculations, as my own theory is that UIKit is being included (along with UIWebView references) in the generated Framework, but I'm not sure if that's 100% true. 

I hope anyone can give me specific reason. Thank you very much.","&lt;!-- SC_OFF --&gt;&lt;div class="md"&gt;&lt;p&gt;Running &lt;code&gt;nm -m shared | grep UIWebView&lt;/code&gt; on a freshly compiled iOS Framework from a freshly made KMM project generates the follow output:&lt;/p&gt;

&lt;pre&gt;&lt;code&gt;000000000007e760 (__DATA,__objc_const) non-external __OBJC_$_PROTOCOL_INSTANCE_METHODS_OPT_UIWebViewDelegate
000000000007e7c8 (__DATA,__objc_const) non-external __OBJC_$_PROTOCOL_METHOD_TYPES_UIWebViewDelegate
000000000007e748 (__DATA,__objc_const) non-external __OBJC_$_PROTOCOL_REFS_UIWebViewDelegate
0000000000071f78 (__DATA,__objc_protolist) non-external (was a private external) __OBJC_LABEL_PROTOCOL_$_UIWebViewDelegate
0000000000084668 (__DATA,__data) non-external (was a private external) __OBJC_PROTOCOL_$_UIWebViewDelegate
000000000007f8e0 (__DATA,__objc_protorefs) non-external (was a private external) __OBJC_PROTOCOL_REFERENCE_$_UIWebViewDelegate
&lt;/code&gt;&lt;/pre&gt;

&lt;p&gt;I&amp;#39;ve been looking around the internet for specific answers, but I can&amp;#39;t find any reference at all. I&amp;#39;ve asked slack, and everyone doesn&amp;#39;t seem to know either. &lt;/p&gt;

&lt;p&gt;I did see that the framework is safe from the &lt;strong&gt;ITMS-90809&lt;/strong&gt; rejection, but I still need a specific reason why the UIWebViewDelegate is being included in the binaries. I can&amp;#39;t just make random speculations, as my own theory is that UIKit is being included (along with UIWebView references) in the generated Framework, but I&amp;#39;m not sure if that&amp;#39;s 100% true. &lt;/p&gt;

&lt;p&gt;I hope anyone can give me specific reason. Thank you very much.&lt;/p&gt;
&lt;/div&gt;&lt;!-- SC_ON --&gt;","[Multiplatform] UIWebViewDelegate exists in the generated binary from a fresh KMM Project. Any important reason why this is?",2
"t2_ut0f73c1",1670402628,0,"zew5gy","","","Can anyone pls recommend basic programs to do for beginners",2
